sample_id,row_index
EXTV2_000001,0
EXTV2_000002,1
EXTV2_000003,2
EXTV2_000004,3
EXTV2_000005,4
EXTV2_000006,5
EXTV2_000007,6
EXTV2_000008,7
EXTV2_000009,8
EXTV2_000010,9
EXTV2_000011,10
EXTV2_000012,11
EXTV2_000013,12
EXTV2_000014,13
EXTV2_000015,14
EXTV2_000016,15
EXTV2_000017,16
EXTV2_000018,17
EXTV2_000019,18
EXTV2_000020,19
EXTV2_000021,20
EXTV2_000022,21
EXTV2_000023,22
EXTV2_000024,23
EXTV2_000025,24
EXTV2_000026,25
EXTV2_000027,26
EXTV2_000028,27
EXTV2_000029,28
EXTV2_000030,29
EXTV2_000031,30
EXTV2_000032,31
EXTV2_000033,32
EXTV2_000034,33
EXTV2_000035,34
EXTV2_000036,35
EXTV2_000037,36
EXTV2_000038,37
EXTV2_000039,38
EXTV2_000040,39
EXTV2_000041,40
EXTV2_000042,41
EXTV2_000043,42
EXTV2_000044,43
EXTV2_000045,44
EXTV2_000046,45
EXTV2_000047,46
EXTV2_000048,47
EXTV2_000049,48
EXTV2_000050,49
EXTV2_000051,50
EXTV2_000052,51
EXTV2_000053,52
EXTV2_000054,53
EXTV2_000055,54
EXTV2_000056,55
EXTV2_000057,56
EXTV2_000058,57
EXTV2_000059,58
EXTV2_000060,59
EXTV2_000061,60
EXTV2_000062,61
EXTV2_000063,62
EXTV2_000064,63
EXTV2_000065,64
EXTV2_000066,65
EXTV2_000067,66
EXTV2_000068,67
EXTV2_000069,68
EXTV2_000070,69
EXTV2_000071,70
EXTV2_000072,71
EXTV2_000073,72
EXTV2_000074,73
EXTV2_000075,74
EXTV2_000076,75
EXTV2_000077,76
EXTV2_000078,77
EXTV2_000079,78
EXTV2_000080,79
EXTV2_000081,80
EXTV2_000082,81
EXTV2_000083,82
EXTV2_000084,83
EXTV2_000085,84
EXTV2_000086,85
EXTV2_000087,86
EXTV2_000088,87
EXTV2_000089,88
EXTV2_000090,89
EXTV2_000091,90
EXTV2_000092,91
EXTV2_000093,92
EXTV2_000094,93
EXTV2_000095,94
EXTV2_000096,95
EXTV2_000097,96
EXTV2_000098,97
EXTV2_000099,98
EXTV2_000100,99
EXTV2_000101,100
EXTV2_000102,101
EXTV2_000103,102
EXTV2_000104,103
EXTV2_000105,104
EXTV2_000106,105
EXTV2_000107,106
EXTV2_000108,107
EXTV2_000109,108
EXTV2_000110,109
EXTV2_000111,110
EXTV2_000112,111
EXTV2_000113,112
EXTV2_000114,113
EXTV2_000115,114
EXTV2_000116,115
EXTV2_000117,116
EXTV2_000118,117
EXTV2_000119,118
EXTV2_000120,119
EXTV2_000121,120
EXTV2_000122,121
EXTV2_000123,122
EXTV2_000124,123
EXTV2_000125,124
EXTV2_000126,125
EXTV2_000127,126
EXTV2_000128,127
EXTV2_000129,128
EXTV2_000130,129
EXTV2_000131,130
EXTV2_000132,131
EXTV2_000133,132
EXTV2_000134,133
EXTV2_000135,134
EXTV2_000136,135
EXTV2_000137,136
EXTV2_000138,137
EXTV2_000139,138
EXTV2_000140,139
EXTV2_000141,140
EXTV2_000142,141
EXTV2_000143,142
EXTV2_000144,143
EXTV2_000145,144
EXTV2_000146,145
EXTV2_000147,146
EXTV2_000148,147
EXTV2_000149,148
EXTV2_000150,149
EXTV2_000151,150
EXTV2_000152,151
EXTV2_000153,152
EXTV2_000154,153
EXTV2_000155,154
EXTV2_000156,155
EXTV2_000157,156
EXTV2_000158,157
EXTV2_000159,158
EXTV2_000160,159
EXTV2_000161,160
EXTV2_000162,161
EXTV2_000163,162
EXTV2_000164,163
EXTV2_000165,164
EXTV2_000166,165
EXTV2_000167,166
EXTV2_000168,167
EXTV2_000169,168
EXTV2_000170,169
EXTV2_000171,170
EXTV2_000172,171
EXTV2_000173,172
EXTV2_000174,173
EXTV2_000175,174
EXTV2_000176,175
EXTV2_000177,176
EXTV2_000178,177
EXTV2_000179,178
EXTV2_000180,179
EXTV2_000181,180
EXTV2_000182,181
EXTV2_000183,182
EXTV2_000184,183
EXTV2_000185,184
EXTV2_000186,185
EXTV2_000187,186
EXTV2_000188,187
EXTV2_000189,188
EXTV2_000190,189
EXTV2_000191,190
EXTV2_000192,191
EXTV2_000193,192
EXTV2_000194,193
EXTV2_000195,194
EXTV2_000196,195
EXTV2_000197,196
EXTV2_000198,197
EXTV2_000199,198
EXTV2_000200,199
EXTV2_000201,200
EXTV2_000202,201
EXTV2_000203,202
EXTV2_000204,203
EXTV2_000205,204
EXTV2_000206,205
EXTV2_000207,206
EXTV2_000208,207
EXTV2_000209,208
EXTV2_000210,209
EXTV2_000211,210
EXTV2_000212,211
EXTV2_000213,212
EXTV2_000214,213
EXTV2_000215,214
EXTV2_000216,215
EXTV2_000217,216
EXTV2_000218,217
EXTV2_000219,218
EXTV2_000220,219
EXTV2_000221,220
EXTV2_000222,221
EXTV2_000223,222
EXTV2_000224,223
EXTV2_000225,224
EXTV2_000226,225
EXTV2_000227,226
EXTV2_000228,227
EXTV2_000229,228
EXTV2_000230,229
EXTV2_000231,230
EXTV2_000232,231
EXTV2_000233,232
EXTV2_000234,233
EXTV2_000235,234
EXTV2_000236,235
EXTV2_000237,236
EXTV2_000238,237
EXTV2_000239,238
EXTV2_000240,239
EXTV2_000241,240
EXTV2_000242,241
EXTV2_000243,242
EXTV2_000244,243
EXTV2_000245,244
EXTV2_000246,245
EXTV2_000247,246
EXTV2_000248,247
EXTV2_000249,248
EXTV2_000250,249
EXTV2_000251,250
EXTV2_000252,251
EXTV2_000253,252
EXTV2_000254,253
EXTV2_000255,254
EXTV2_000256,255
EXTV2_000257,256
EXTV2_000258,257
EXTV2_000259,258
EXTV2_000260,259
EXTV2_000261,260
EXTV2_000262,261
EXTV2_000263,262
EXTV2_000264,263
EXTV2_000265,264
EXTV2_000266,265
EXTV2_000267,266
EXTV2_000268,267
EXTV2_000269,268
EXTV2_000270,269
EXTV2_000271,270
EXTV2_000272,271
EXTV2_000273,272
EXTV2_000274,273
EXTV2_000275,274
EXTV2_000276,275
EXTV2_000277,276
EXTV2_000278,277
EXTV2_000279,278
EXTV2_000280,279
EXTV2_000281,280
EXTV2_000282,281
EXTV2_000283,282
EXTV2_000284,283
EXTV2_000285,284
EXTV2_000286,285
EXTV2_000287,286
EXTV2_000288,287
EXTV2_000289,288
EXTV2_000290,289
EXTV2_000291,290
EXTV2_000292,291
EXTV2_000293,292
EXTV2_000294,293
EXTV2_000295,294
EXTV2_000296,295
EXTV2_000297,296
EXTV2_000298,297
EXTV2_000299,298
EXTV2_000300,299
EXTV2_000301,300
EXTV2_000302,301
EXTV2_000303,302
EXTV2_000304,303
EXTV2_000305,304
EXTV2_000306,305
EXTV2_000307,306
EXTV2_000308,307
EXTV2_000309,308
EXTV2_000310,309
EXTV2_000311,310
EXTV2_000312,311
EXTV2_000313,312
EXTV2_000314,313
EXTV2_000315,314
EXTV2_000316,315
EXTV2_000317,316
EXTV2_000318,317
EXTV2_000319,318
EXTV2_000320,319
EXTV2_000321,320
EXTV2_000322,321
EXTV2_000323,322
EXTV2_000324,323
EXTV2_000325,324
EXTV2_000326,325
EXTV2_000327,326
EXTV2_000328,327
EXTV2_000329,328
EXTV2_000330,329
EXTV2_000331,330
EXTV2_000332,331
EXTV2_000333,332
EXTV2_000334,333
EXTV2_000335,334
EXTV2_000336,335
EXTV2_000337,336
EXTV2_000338,337
EXTV2_000339,338
EXTV2_000340,339
EXTV2_000341,340
EXTV2_000342,341
EXTV2_000343,342
EXTV2_000344,343
EXTV2_000345,344
EXTV2_000346,345
EXTV2_000347,346
EXTV2_000348,347
EXTV2_000349,348
EXTV2_000350,349
EXTV2_000351,350
EXTV2_000352,351
EXTV2_000353,352
EXTV2_000354,353
EXTV2_000355,354
EXTV2_000356,355
EXTV2_000357,356
EXTV2_000358,357
EXTV2_000359,358
EXTV2_000360,359
EXTV2_000361,360
EXTV2_000362,361
EXTV2_000363,362
EXTV2_000364,363
EXTV2_000365,364
EXTV2_000366,365
EXTV2_000367,366
EXTV2_000368,367
EXTV2_000369,368
EXTV2_000370,369
EXTV2_000371,370
EXTV2_000372,371
EXTV2_000373,372
EXTV2_000374,373
EXTV2_000375,374
EXTV2_000376,375
EXTV2_000377,376
EXTV2_000378,377
EXTV2_000379,378
EXTV2_000380,379
EXTV2_000381,380
EXTV2_000382,381
EXTV2_000383,382
EXTV2_000384,383
EXTV2_000385,384
EXTV2_000386,385
EXTV2_000387,386
EXTV2_000388,387
EXTV2_000389,388
EXTV2_000390,389
EXTV2_000391,390
EXTV2_000392,391
EXTV2_000393,392
EXTV2_000394,393
EXTV2_000395,394
EXTV2_000396,395
EXTV2_000397,396
EXTV2_000398,397
EXTV2_000399,398
EXTV2_000400,399
EXTV2_000401,400
EXTV2_000402,401
EXTV2_000403,402
EXTV2_000404,403
EXTV2_000405,404
EXTV2_000406,405
EXTV2_000407,406
EXTV2_000408,407
EXTV2_000409,408
EXTV2_000410,409
EXTV2_000411,410
EXTV2_000412,411
EXTV2_000413,412
EXTV2_000414,413
EXTV2_000415,414
EXTV2_000416,415
EXTV2_000417,416
EXTV2_000418,417
EXTV2_000419,418
EXTV2_000420,419
EXTV2_000421,420
EXTV2_000422,421
EXTV2_000423,422
EXTV2_000424,423
EXTV2_000425,424
EXTV2_000426,425
EXTV2_000427,426
EXTV2_000428,427
EXTV2_000429,428
EXTV2_000430,429
EXTV2_000431,430
EXTV2_000432,431
EXTV2_000433,432
EXTV2_000434,433
EXTV2_000435,434
EXTV2_000436,435
EXTV2_000437,436
EXTV2_000438,437
EXTV2_000439,438
EXTV2_000440,439
EXTV2_000441,440
EXTV2_000442,441
EXTV2_000443,442
EXTV2_000444,443
EXTV2_000445,444
EXTV2_000446,445
EXTV2_000447,446
